annotator_id,comment_id,sentiment,respect,insult,humiliate,status,dehumanize,violence,genocide,attack_defend,hatespeech
gemini_modu,43341,4,4.0,4.0,4.0,4.0,3.0,0.0,0.0,4.0,2
gemini_modu,27447,4,1.0,0.0,0.0,3.0,0.0,0.0,0.0,1.0,0
gemini_modu,31223,0,0.0,0.0,0.0,2.0,0.0,0.0,0.0,1.0,0
gemini_modu,43580,3,3.0,3.0,3.0,3.0,0.0,0.0,0.0,3.0,0
gemini_modu,48916,4,4.0,4.0,4.0,4.0,3.0,0.0,0.0,4.0,2
gemini_modu,1793,0,3.0,0.0,0.0,2.0,0.0,0.0,0.0,2.0,0
gemini_modu,19409,0,0.0,0.0,0.0,2.0,0.0,0.0,0.0,0.0,0
gemini_modu,22123,0,0.0,0.0,0.0,3.0,0.0,0.0,0.0,0.0,0
gemini_modu,47074,4,4.0,4.0,4.0,3.0,2.0,2.0,3.0,4.0,2
gemini_modu,4519,4,4.0,4.0,4.0,4.0,4.0,4.0,4.0,4.0,2
gemini_modu,45734,3,3.0,4.0,4.0,3.0,0.0,0.0,0.0,3.0,2
gemini_modu,17591,4,4.0,4.0,4.0,3.0,0.0,0.0,0.0,4.0,0
gemini_modu,42348,4,4.0,4.0,4.0,4.0,4.0,0.0,0.0,4.0,2
gemini_modu,18591,0,0.0,0.0,0.0,2.0,0.0,0.0,0.0,2.0,0
gemini_modu,13108,4,4.0,0.0,1.0,3.0,1.0,1.0,0.0,2.0,0
gemini_modu,28142,4,4.0,0.0,0.0,3.0,0.0,0.0,0.0,2.0,0
gemini_modu,48308,0,4.0,3.0,3.0,2.0,0.0,0.0,0.0,1.0,0
gemini_modu,30112,4,3.0,3.0,3.0,3.0,0.0,0.0,0.0,3.0,0
gemini_modu,27958,0,2.0,0.0,0.0,2.0,0.0,0.0,0.0,2.0,0
gemini_modu,40444,4,4.0,4.0,4.0,4.0,3.0,0.0,0.0,4.0,2
gemini_modu,28360,4,4.0,4.0,4.0,4.0,0.0,0.0,0.0,4.0,0
gemini_modu,46966,0,0.0,0.0,0.0,2.0,0.0,0.0,0.0,2.0,0
gemini_modu,35364,4,4.0,4.0,4.0,4.0,3.0,0.0,0.0,4.0,2
gemini_modu,37954,4,3.0,4.0,4.0,3.0,0.0,0.0,0.0,3.0,0
gemini_modu,5761,0,0.0,0.0,0.0,2.0,0.0,0.0,0.0,2.0,0
gemini_modu,19725,1,2.0,0.0,0.0,2.0,0.0,0.0,0.0,2.0,0
gemini_modu,364,4,4.0,4.0,4.0,4.0,1.0,0.0,0.0,4.0,2
gemini_modu,12086,4,4.0,4.0,4.0,4.0,2.0,0.0,0.0,4.0,2
gemini_modu,6365,4,4.0,4.0,4.0,4.0,2.0,0.0,0.0,4.0,2
gemini_modu,17868,4,4.0,4.0,4.0,4.0,3.0,0.0,0.0,4.0,2
gemini_modu,48954,4,4.0,4.0,4.0,4.0,4.0,0.0,0.0,4.0,2
gemini_modu,39293,4,3.0,3.0,3.0,2.0,0.0,0.0,0.0,3.0,0
gemini_modu,49699,3,1.0,0.0,0.0,2.0,0.0,0.0,0.0,2.0,0
gemini_modu,30394,4,4.0,4.0,4.0,4.0,4.0,4.0,0.0,4.0,2
gemini_modu,18941,0,0.0,0.0,0.0,2.0,0.0,0.0,0.0,2.0,0
gemini_modu,49707,3,3.0,3.0,0.0,1.0,0.0,0.0,0.0,3.0,2
gemini_modu,36618,4,1.0,0.0,0.0,2.0,0.0,0.0,0.0,1.0,0
gemini_modu,38486,4,4.0,0.0,0.0,2.0,0.0,0.0,0.0,2.0,0
gemini_modu,38926,0,0.0,0.0,0.0,2.0,0.0,0.0,0.0,2.0,0
gemini_modu,7473,3,2.0,0.0,0.0,2.0,0.0,0.0,0.0,2.0,0
gemini_modu,25763,1,0.0,0.0,0.0,3.0,0.0,0.0,0.0,1.0,0
gemini_modu,40133,4,4.0,4.0,4.0,4.0,4.0,0.0,0.0,4.0,2
gemini_modu,17461,4,4.0,4.0,4.0,4.0,3.0,0.0,0.0,4.0,2
gemini_modu,20571,4,4.0,4.0,4.0,3.0,3.0,0.0,0.0,4.0,2
gemini_modu,45219,4,4.0,4.0,2.0,4.0,0.0,0.0,0.0,4.0,0
gemini_modu,31146,4,0.0,0.0,0.0,2.0,0.0,0.0,0.0,1.0,0
gemini_modu,6842,4,4.0,4.0,4.0,4.0,4.0,0.0,0.0,4.0,2
gemini_modu,20274,3,4.0,3.0,0.0,3.0,0.0,0.0,0.0,3.0,0
gemini_modu,14389,0,0.0,0.0,0.0,2.0,0.0,0.0,0.0,0.0,0
gemini_modu,9213,4,4.0,4.0,4.0,4.0,4.0,0.0,0.0,4.0,2
gemini_modu,44044,4,4.0,4.0,4.0,4.0,0.0,0.0,0.0,4.0,2
gemini_modu,2371,4,4.0,4.0,4.0,4.0,4.0,0.0,0.0,4.0,2
gemini_modu,6454,4,4.0,4.0,4.0,3.0,3.0,0.0,0.0,4.0,2
gemini_modu,47554,4,4.0,4.0,4.0,4.0,3.0,0.0,0.0,4.0,2
gemini_modu,11911,4,4.0,4.0,4.0,4.0,4.0,4.0,0.0,4.0,2
gemini_modu,21073,0,0.0,0.0,0.0,2.0,0.0,0.0,0.0,2.0,0
gemini_modu,13743,4,4.0,4.0,4.0,4.0,4.0,0.0,0.0,4.0,2
gemini_modu,7237,1,3.0,4.0,3.0,1.0,0.0,0.0,0.0,1.0,0
gemini_modu,38390,4,0.0,0.0,0.0,3.0,0.0,0.0,0.0,0.0,0
gemini_modu,9427,4,2.0,0.0,0.0,2.0,0.0,0.0,0.0,2.0,0
gemini_modu,25391,4,4.0,4.0,4.0,4.0,4.0,0.0,0.0,4.0,2
gemini_modu,1630,4,4.0,4.0,4.0,4.0,4.0,4.0,0.0,4.0,2
gemini_modu,31050,4,4.0,4.0,4.0,4.0,4.0,0.0,0.0,4.0,2
gemini_modu,34242,3,3.0,0.0,1.0,3.0,0.0,0.0,0.0,3.0,0
gemini_modu,31475,0,0.0,0.0,0.0,2.0,0.0,0.0,0.0,2.0,0
gemini_modu,995,4,3.0,0.0,0.0,2.0,0.0,0.0,0.0,2.0,0
gemini_modu,31443,4,4.0,4.0,4.0,4.0,0.0,0.0,0.0,4.0,2
gemini_modu,10943,3,2.0,0.0,0.0,2.0,0.0,0.0,0.0,2.0,0
gemini_modu,9911,4,4.0,4.0,4.0,4.0,1.0,0.0,0.0,4.0,2
gemini_modu,20138,1,4.0,4.0,1.0,3.0,3.0,0.0,0.0,2.0,0
gemini_modu,4562,4,4.0,4.0,4.0,4.0,4.0,0.0,0.0,4.0,2
gemini_modu,10279,4,4.0,3.0,3.0,3.0,0.0,0.0,0.0,4.0,2
gemini_modu,25785,4,4.0,4.0,4.0,4.0,4.0,0.0,0.0,4.0,2
gemini_modu,46366,4,0.0,0.0,0.0,3.0,0.0,0.0,0.0,1.0,0
gemini_modu,16086,4,3.0,4.0,3.0,3.0,0.0,0.0,0.0,4.0,0
gemini_modu,2692,4,4.0,4.0,4.0,4.0,4.0,0.0,0.0,4.0,2
gemini_modu,34973,4,4.0,4.0,4.0,4.0,4.0,0.0,0.0,4.0,2
gemini_modu,28865,1,2.0,0.0,0.0,2.0,0.0,0.0,0.0,2.0,0
gemini_modu,40941,4,4.0,4.0,4.0,4.0,4.0,0.0,0.0,4.0,2
gemini_modu,664,1,2.0,0.0,0.0,2.0,0.0,0.0,0.0,2.0,0
gemini_modu,38512,4,4.0,4.0,4.0,3.0,3.0,0.0,0.0,3.0,0
gemini_modu,25922,4,4.0,4.0,4.0,4.0,4.0,4.0,0.0,4.0,0
gemini_modu,9122,4,4.0,4.0,4.0,4.0,0.0,0.0,0.0,3.0,0
gemini_modu,41636,4,4.0,4.0,4.0,4.0,1.0,0.0,0.0,4.0,2
gemini_modu,39086,4,3.0,3.0,0.0,4.0,0.0,0.0,0.0,3.0,0
gemini_modu,29244,0,0.0,0.0,0.0,2.0,0.0,0.0,0.0,0.0,0
gemini_modu,22705,1,3.0,1.0,0.0,2.0,0.0,0.0,0.0,2.0,0
gemini_modu,10256,4,4.0,4.0,4.0,4.0,1.0,0.0,0.0,4.0,0
gemini_modu,44997,4,4.0,4.0,4.0,4.0,1.0,0.0,0.0,4.0,2
gemini_modu,39035,4,4.0,4.0,4.0,3.0,1.0,0.0,0.0,4.0,2
gemini_modu,39668,4,0.0,0.0,0.0,2.0,0.0,0.0,0.0,0.0,0
gemini_modu,23303,0,2.0,0.0,0.0,2.0,0.0,0.0,0.0,2.0,0
gemini_modu,10093,4,4.0,4.0,4.0,4.0,4.0,3.0,0.0,4.0,2
gemini_modu,31961,4,4.0,4.0,4.0,4.0,4.0,4.0,4.0,4.0,2
gemini_modu,34628,0,0.0,0.0,0.0,2.0,0.0,0.0,0.0,1.0,0
gemini_modu,10100,4,4.0,4.0,4.0,4.0,0.0,0.0,0.0,4.0,2
gemini_modu,43595,4,4.0,4.0,0.0,2.0,0.0,0.0,0.0,2.0,0
gemini_modu,37823,4,0.0,0.0,0.0,2.0,0.0,0.0,0.0,1.0,0
gemini_modu,45502,4,1.0,0.0,0.0,2.0,0.0,0.0,0.0,3.0,0
gemini_modu,423,4,4.0,4.0,4.0,4.0,4.0,0.0,0.0,4.0,2
gemini_modu,46044,3,0.0,0.0,0.0,3.0,0.0,0.0,0.0,0.0,0
gemini_modu,29732,4,4.0,4.0,4.0,4.0,4.0,4.0,0.0,4.0,2
gemini_modu,48719,4,4.0,4.0,4.0,3.0,3.0,0.0,0.0,4.0,2
gemini_modu,22043,4,4.0,4.0,4.0,4.0,4.0,4.0,1.0,4.0,2
gemini_modu,545,4,4.0,4.0,4.0,4.0,4.0,4.0,4.0,4.0,2
gemini_modu,30337,4,0.0,0.0,0.0,3.0,0.0,0.0,0.0,0.0,2
gemini_modu,28256,0,2.0,0.0,0.0,2.0,0.0,0.0,0.0,2.0,0
gemini_modu,49482,4,4.0,4.0,4.0,3.0,0.0,0.0,0.0,4.0,2
gemini_modu,3428,4,0.0,0.0,0.0,2.0,0.0,0.0,0.0,2.0,0
gemini_modu,7000,4,4.0,4.0,4.0,3.0,1.0,0.0,0.0,4.0,2
gemini_modu,46047,4,4.0,4.0,4.0,4.0,4.0,0.0,0.0,4.0,2
gemini_modu,29144,4,3.0,4.0,4.0,3.0,0.0,0.0,0.0,4.0,0
gemini_modu,26417,4,4.0,4.0,4.0,4.0,3.0,0.0,0.0,4.0,2
gemini_modu,33697,4,4.0,4.0,4.0,4.0,4.0,4.0,0.0,4.0,2
gemini_modu,23985,4,0.0,0.0,0.0,4.0,0.0,0.0,0.0,0.0,0
gemini_modu,11495,4,4.0,4.0,4.0,4.0,4.0,4.0,0.0,4.0,2
gemini_modu,8783,4,4.0,4.0,4.0,4.0,4.0,0.0,0.0,4.0,2
gemini_modu,25361,0,0.0,0.0,0.0,2.0,0.0,0.0,0.0,2.0,0
gemini_modu,15535,4,4.0,4.0,4.0,3.0,4.0,0.0,0.0,4.0,2
gemini_modu,17766,4,4.0,4.0,4.0,4.0,4.0,0.0,0.0,4.0,2
gemini_modu,41122,2,2.0,0.0,0.0,2.0,0.0,0.0,0.0,2.0,0
gemini_modu,7894,4,4.0,4.0,4.0,4.0,3.0,0.0,0.0,4.0,2
gemini_modu,1054,4,2.0,0.0,0.0,3.0,0.0,0.0,0.0,2.0,0
gemini_modu,26998,4,4.0,4.0,4.0,4.0,0.0,0.0,0.0,4.0,0
gemini_modu,41686,3,3.0,0.0,0.0,3.0,0.0,0.0,0.0,2.0,0
gemini_modu,17158,4,4.0,4.0,4.0,4.0,4.0,0.0,0.0,4.0,2
gemini_modu,24488,4,4.0,4.0,4.0,4.0,4.0,4.0,4.0,4.0,2
gemini_modu,30967,4,4.0,4.0,4.0,4.0,1.0,0.0,0.0,4.0,2
gemini_modu,39321,4,0.0,2.0,4.0,4.0,0.0,0.0,0.0,1.0,0
gemini_modu,4811,4,4.0,4.0,4.0,4.0,4.0,4.0,4.0,4.0,2
gemini_modu,25872,4,4.0,4.0,4.0,4.0,1.0,0.0,0.0,4.0,2
gemini_modu,49844,4,4.0,4.0,4.0,4.0,1.0,0.0,0.0,4.0,2
gemini_modu,11055,2,4.0,4.0,3.0,4.0,1.0,3.0,0.0,4.0,0
gemini_modu,28790,4,3.0,3.0,3.0,3.0,0.0,0.0,0.0,3.0,0
gemini_modu,12264,2,2.0,0.0,0.0,2.0,0.0,0.0,0.0,2.0,0
gemini_modu,9433,4,4.0,4.0,4.0,4.0,4.0,0.0,0.0,4.0,2
gemini_modu,30979,1,4.0,0.0,1.0,3.0,2.0,0.0,0.0,2.0,0
gemini_modu,38219,4,3.0,3.0,4.0,3.0,0.0,0.0,0.0,4.0,0
gemini_modu,40296,4,4.0,4.0,4.0,4.0,4.0,0.0,0.0,4.0,2
gemini_modu,31609,2,2.0,0.0,0.0,2.0,0.0,0.0,0.0,2.0,0
gemini_modu,42679,4,4.0,4.0,4.0,4.0,2.0,0.0,0.0,4.0,2
gemini_modu,7601,4,4.0,4.0,4.0,4.0,4.0,0.0,0.0,4.0,2
gemini_modu,4013,0,0.0,0.0,0.0,2.0,0.0,0.0,0.0,2.0,0
gemini_modu,49416,4,4.0,4.0,4.0,4.0,2.0,0.0,0.0,4.0,0
gemini_modu,17219,1,0.0,0.0,0.0,3.0,0.0,0.0,0.0,1.0,0
gemini_modu,38265,4,2.0,0.0,0.0,2.0,0.0,0.0,0.0,2.0,0
gemini_modu,32278,3,0.0,0.0,0.0,2.0,0.0,0.0,0.0,2.0,0
gemini_modu,6610,4,4.0,4.0,4.0,3.0,2.0,0.0,0.0,4.0,2
gemini_modu,17349,2,2.0,0.0,0.0,2.0,0.0,0.0,0.0,2.0,0
gemini_modu,43493,4,4.0,0.0,0.0,4.0,0.0,0.0,0.0,2.0,2
gemini_modu,10882,0,0.0,0.0,0.0,2.0,0.0,0.0,0.0,2.0,0
gemini_modu,18601,1,2.0,0.0,0.0,2.0,0.0,0.0,0.0,2.0,0
gemini_modu,24837,4,4.0,4.0,4.0,4.0,4.0,4.0,0.0,4.0,2
gemini_modu,36080,0,0.0,0.0,0.0,2.0,0.0,0.0,0.0,2.0,0
gemini_modu,15023,4,4.0,4.0,4.0,4.0,4.0,2.0,0.0,4.0,2
gemini_modu,35708,4,2.0,0.0,0.0,2.0,0.0,0.0,0.0,2.0,0
gemini_modu,23275,1,0.0,0.0,0.0,2.0,0.0,0.0,0.0,1.0,0
gemini_modu,8565,4,4.0,4.0,4.0,4.0,4.0,0.0,0.0,4.0,2
gemini_modu,3723,0,0.0,0.0,0.0,2.0,0.0,0.0,0.0,2.0,0
gemini_modu,15755,4,4.0,4.0,4.0,4.0,4.0,4.0,0.0,4.0,2
gemini_modu,11497,4,4.0,1.0,3.0,3.0,0.0,0.0,0.0,1.0,0
gemini_modu,2606,4,4.0,4.0,4.0,4.0,4.0,0.0,0.0,4.0,2
gemini_modu,39620,0,2.0,0.0,0.0,2.0,0.0,0.0,0.0,2.0,0
gemini_modu,18981,4,4.0,4.0,4.0,4.0,4.0,0.0,0.0,4.0,2
gemini_modu,48918,4,4.0,4.0,4.0,3.0,1.0,0.0,0.0,4.0,2
gemini_modu,28441,3,0.0,0.0,0.0,4.0,0.0,0.0,0.0,1.0,0
gemini_modu,17827,4,3.0,4.0,4.0,3.0,1.0,0.0,0.0,4.0,2
gemini_modu,14685,0,0.0,0.0,0.0,2.0,0.0,0.0,0.0,2.0,0
gemini_modu,15663,4,3.0,4.0,3.0,3.0,0.0,0.0,0.0,3.0,0
gemini_modu,29587,4,4.0,4.0,4.0,4.0,3.0,0.0,0.0,4.0,2
gemini_modu,17550,4,4.0,4.0,3.0,3.0,4.0,0.0,0.0,4.0,0
gemini_modu,401,4,,,,,,,,,2
gemini_modu,5542,4,2.0,0.0,0.0,2.0,0.0,0.0,0.0,2.0,0
gemini_modu,15603,0,0.0,0.0,0.0,2.0,0.0,0.0,0.0,2.0,0
gemini_modu,7304,4,4.0,4.0,4.0,4.0,4.0,0.0,0.0,4.0,2
gemini_modu,33377,4,4.0,4.0,1.0,4.0,0.0,0.0,0.0,4.0,0
gemini_modu,23414,4,3.0,0.0,0.0,3.0,0.0,0.0,0.0,3.0,0
gemini_modu,35744,4,4.0,4.0,4.0,4.0,4.0,4.0,0.0,4.0,0
gemini_modu,47262,4,0.0,0.0,0.0,2.0,0.0,0.0,0.0,1.0,0
gemini_modu,47522,4,4.0,4.0,4.0,4.0,4.0,4.0,0.0,4.0,2
gemini_modu,37285,0,0.0,0.0,0.0,2.0,0.0,0.0,0.0,2.0,0
gemini_modu,7391,4,2.0,0.0,0.0,2.0,0.0,0.0,0.0,2.0,0
gemini_modu,20627,4,3.0,4.0,0.0,3.0,0.0,0.0,0.0,4.0,0
gemini_modu,22997,0,0.0,0.0,0.0,2.0,0.0,0.0,0.0,1.0,0
gemini_modu,32721,0,0.0,0.0,0.0,2.0,0.0,0.0,0.0,2.0,0
gemini_modu,8323,4,4.0,4.0,4.0,4.0,4.0,4.0,0.0,4.0,2
gemini_modu,20217,4,4.0,3.0,3.0,3.0,0.0,0.0,0.0,3.0,0
gemini_modu,23364,4,4.0,4.0,4.0,4.0,0.0,0.0,0.0,4.0,0
gemini_modu,2221,4,4.0,4.0,4.0,4.0,4.0,4.0,0.0,4.0,2
gemini_modu,4944,2,2.0,0.0,0.0,2.0,0.0,0.0,0.0,2.0,0
gemini_modu,1482,4,4.0,4.0,4.0,4.0,4.0,4.0,0.0,4.0,0
gemini_modu,8199,4,4.0,4.0,4.0,4.0,4.0,0.0,0.0,4.0,0
gemini_modu,43956,4,4.0,4.0,4.0,4.0,1.0,0.0,0.0,4.0,2
gemini_modu,24451,4,4.0,4.0,4.0,4.0,1.0,0.0,0.0,2.0,0
gemini_modu,34378,4,4.0,4.0,4.0,4.0,4.0,0.0,0.0,4.0,2
gemini_modu,29194,4,4.0,4.0,4.0,4.0,4.0,0.0,0.0,4.0,2
gemini_modu,34032,4,4.0,4.0,4.0,4.0,4.0,0.0,0.0,4.0,2
gemini_modu,27825,4,4.0,4.0,4.0,4.0,3.0,0.0,0.0,4.0,2
gemini_modu,48880,4,4.0,4.0,4.0,4.0,4.0,0.0,0.0,4.0,2
gemini_modu,20349,4,4.0,4.0,3.0,3.0,0.0,0.0,0.0,3.0,2
gemini_modu,47161,3,4.0,4.0,1.0,1.0,0.0,0.0,0.0,3.0,0
gemini_modu,9399,4,4.0,4.0,4.0,4.0,4.0,4.0,0.0,4.0,0
gemini_modu,16699,4,4.0,4.0,4.0,4.0,4.0,0.0,0.0,4.0,2
gemini_modu,34950,3,2.0,0.0,2.0,3.0,0.0,0.0,0.0,2.0,0
gemini_modu,47767,3,4.0,4.0,4.0,3.0,1.0,0.0,0.0,3.0,2
gemini_modu,20791,1,3.0,3.0,3.0,3.0,0.0,0.0,0.0,3.0,2
gemini_modu,42575,4,2.0,2.0,0.0,4.0,0.0,4.0,0.0,4.0,0
gemini_modu,33502,4,4.0,4.0,4.0,4.0,1.0,0.0,0.0,4.0,2
gemini_modu,35633,4,4.0,4.0,4.0,4.0,1.0,0.0,0.0,4.0,2
gemini_modu,8278,4,4.0,4.0,3.0,3.0,1.0,0.0,0.0,4.0,2
gemini_modu,35131,4,2.0,0.0,0.0,2.0,0.0,0.0,0.0,2.0,0
gemini_modu,26971,4,2.0,0.0,0.0,2.0,0.0,0.0,0.0,1.0,0
gemini_modu,19155,4,4.0,4.0,4.0,4.0,4.0,4.0,0.0,4.0,2
gemini_modu,34068,3,3.0,3.0,3.0,3.0,0.0,0.0,0.0,3.0,0
gemini_modu,21822,4,2.0,0.0,0.0,2.0,0.0,0.0,0.0,2.0,2
gemini_modu,28595,4,4.0,4.0,4.0,4.0,1.0,4.0,0.0,4.0,2
gemini_modu,8261,0,0.0,0.0,0.0,2.0,0.0,0.0,0.0,2.0,0
gemini_modu,21404,2,2.0,0.0,0.0,2.0,0.0,0.0,0.0,2.0,0
gemini_modu,9700,4,4.0,4.0,4.0,4.0,4.0,4.0,0.0,4.0,2
gemini_modu,44367,3,0.0,0.0,0.0,2.0,0.0,0.0,0.0,2.0,0
gemini_modu,19942,4,4.0,4.0,4.0,3.0,1.0,0.0,0.0,4.0,2
gemini_modu,13740,0,0.0,0.0,0.0,2.0,0.0,0.0,0.0,1.0,0
gemini_modu,34917,4,0.0,0.0,0.0,2.0,0.0,0.0,0.0,2.0,0
gemini_modu,29334,4,4.0,4.0,4.0,4.0,0.0,0.0,0.0,4.0,2
gemini_modu,11451,4,4.0,4.0,4.0,4.0,1.0,0.0,0.0,4.0,2
gemini_modu,801,4,4.0,4.0,4.0,4.0,4.0,4.0,4.0,4.0,2
gemini_modu,4470,1,2.0,0.0,0.0,2.0,0.0,0.0,0.0,2.0,0
gemini_modu,170,4,4.0,4.0,4.0,4.0,1.0,3.0,0.0,4.0,2
gemini_modu,17743,2,2.0,0.0,0.0,2.0,0.0,0.0,0.0,2.0,0
gemini_modu,20179,4,4.0,4.0,4.0,4.0,4.0,0.0,0.0,4.0,2
gemini_modu,17772,4,0.0,0.0,0.0,2.0,0.0,0.0,0.0,0.0,0
gemini_modu,41879,3,3.0,3.0,0.0,2.0,0.0,0.0,0.0,3.0,0
gemini_modu,8871,3,2.0,0.0,0.0,2.0,0.0,0.0,0.0,2.0,0
gemini_modu,38134,3,2.0,0.0,1.0,2.0,0.0,0.0,0.0,2.0,2
gemini_modu,17209,4,4.0,4.0,0.0,2.0,0.0,0.0,0.0,0.0,0
gemini_modu,26216,4,4.0,4.0,4.0,4.0,4.0,4.0,0.0,4.0,2
gemini_modu,8702,4,4.0,4.0,4.0,4.0,4.0,0.0,0.0,4.0,2
gemini_modu,9625,1,2.0,0.0,0.0,2.0,0.0,0.0,0.0,2.0,0
gemini_modu,19340,4,4.0,4.0,4.0,4.0,4.0,0.0,0.0,4.0,2
gemini_modu,4287,4,,,,,,,,,0
gemini_modu,17442,4,4.0,4.0,4.0,4.0,4.0,0.0,0.0,4.0,2
gemini_modu,22235,0,0.0,0.0,0.0,2.0,0.0,0.0,0.0,2.0,0
gemini_modu,3534,4,4.0,4.0,4.0,4.0,0.0,0.0,0.0,3.0,0
gemini_modu,41251,4,2.0,0.0,0.0,2.0,0.0,0.0,0.0,2.0,0
gemini_modu,49563,0,0.0,0.0,0.0,2.0,0.0,0.0,0.0,2.0,0
gemini_modu,32646,4,4.0,4.0,4.0,4.0,4.0,0.0,0.0,4.0,2
gemini_modu,38712,4,4.0,4.0,4.0,4.0,4.0,0.0,0.0,4.0,0
gemini_modu,31852,4,4.0,4.0,4.0,4.0,4.0,4.0,0.0,2.0,0
gemini_modu,33332,2,3.0,0.0,0.0,3.0,0.0,0.0,0.0,2.0,0
gemini_modu,12141,4,4.0,4.0,4.0,4.0,2.0,0.0,0.0,4.0,0
deepseek-v4-flash_modu_no_slur,43341,4,4.0,4.0,4.0,4.0,0.0,0.0,0.0,4.0,2
deepseek-v4-flash_modu_no_slur,27447,4,0.0,0.0,0.0,2.0,0.0,0.0,0.0,1.0,0
deepseek-v4-flash_modu_no_slur,31223,0,1.0,0.0,0.0,2.0,0.0,0.0,0.0,1.0,0
deepseek-v4-flash_modu_no_slur,43580,3,4.0,3.0,4.0,4.0,1.0,0.0,0.0,3.0,0
deepseek-v4-flash_modu_no_slur,48916,4,4.0,4.0,4.0,4.0,4.0,0.0,0.0,4.0,2
deepseek-v4-flash_modu_no_slur,1793,0,,,,,,,,,0
deepseek-v4-flash_modu_no_slur,19409,0,0.0,0.0,0.0,2.0,0.0,0.0,0.0,0.0,0
deepseek-v4-flash_modu_no_slur,22123,0,0.0,0.0,0.0,2.0,0.0,0.0,0.0,0.0,0
deepseek-v4-flash_modu_no_slur,47074,4,4.0,4.0,4.0,4.0,1.0,0.0,0.0,4.0,2
deepseek-v4-flash_modu_no_slur,4519,4,4.0,4.0,4.0,4.0,0.0,4.0,4.0,4.0,2
deepseek-v4-flash_modu_no_slur,45734,1,3.0,2.0,2.0,2.0,0.0,0.0,0.0,1.0,0
deepseek-v4-flash_modu_no_slur,17591,3,4.0,4.0,4.0,3.0,1.0,0.0,0.0,4.0,0
deepseek-v4-flash_modu_no_slur,42348,4,4.0,4.0,4.0,4.0,4.0,1.0,0.0,4.0,1
deepseek-v4-flash_modu_no_slur,18591,1,0.0,0.0,0.0,2.0,0.0,0.0,0.0,1.0,0
deepseek-v4-flash_modu_no_slur,13108,4,4.0,3.0,3.0,2.0,0.0,4.0,1.0,4.0,0
deepseek-v4-flash_modu_no_slur,28142,4,4.0,4.0,4.0,4.0,0.0,0.0,0.0,4.0,1
deepseek-v4-flash_modu_no_slur,48308,1,3.0,2.0,3.0,2.0,0.0,0.0,0.0,2.0,0
deepseek-v4-flash_modu_no_slur,30112,3,4.0,3.0,3.0,2.0,0.0,0.0,0.0,4.0,0
deepseek-v4-flash_modu_no_slur,27958,1,2.0,0.0,0.0,2.0,0.0,0.0,0.0,1.0,0
deepseek-v4-flash_modu_no_slur,40444,4,4.0,4.0,4.0,4.0,0.0,0.0,0.0,4.0,2
deepseek-v4-flash_modu_no_slur,28360,4,4.0,4.0,4.0,3.0,0.0,0.0,0.0,4.0,0
deepseek-v4-flash_modu_no_slur,46966,0,0.0,0.0,0.0,2.0,0.0,0.0,0.0,2.0,0
deepseek-v4-flash_modu_no_slur,35364,3,4.0,4.0,4.0,3.0,0.0,0.0,0.0,4.0,2
deepseek-v4-flash_modu_no_slur,37954,4,4.0,4.0,4.0,4.0,1.0,0.0,0.0,4.0,0
deepseek-v4-flash_modu_no_slur,5761,0,0.0,0.0,0.0,2.0,0.0,0.0,0.0,0.0,0
deepseek-v4-flash_modu_no_slur,19725,2,3.0,0.0,0.0,2.0,0.0,0.0,0.0,2.0,0
deepseek-v4-flash_modu_no_slur,364,4,4.0,4.0,4.0,4.0,0.0,0.0,0.0,4.0,2
deepseek-v4-flash_modu_no_slur,12086,3,4.0,4.0,3.0,4.0,2.0,0.0,0.0,3.0,2
deepseek-v4-flash_modu_no_slur,6365,4,4.0,4.0,4.0,4.0,1.0,0.0,0.0,4.0,2
deepseek-v4-flash_modu_no_slur,17868,4,4.0,4.0,4.0,4.0,1.0,0.0,0.0,4.0,2
deepseek-v4-flash_modu_no_slur,48954,4,4.0,4.0,4.0,4.0,3.0,0.0,0.0,4.0,2
deepseek-v4-flash_modu_no_slur,39293,3,2.0,0.0,0.0,2.0,0.0,0.0,0.0,1.0,0
deepseek-v4-flash_modu_no_slur,49699,2,2.0,2.0,1.0,2.0,0.0,0.0,0.0,2.0,0
deepseek-v4-flash_modu_no_slur,30394,4,4.0,4.0,4.0,4.0,4.0,4.0,0.0,4.0,2
deepseek-v4-flash_modu_no_slur,18941,1,0.0,0.0,0.0,2.0,0.0,0.0,0.0,0.0,0
deepseek-v4-flash_modu_no_slur,49707,3,3.0,3.0,3.0,3.0,0.0,0.0,0.0,3.0,0
deepseek-v4-flash_modu_no_slur,36618,3,2.0,0.0,0.0,2.0,0.0,0.0,0.0,1.0,0
deepseek-v4-flash_modu_no_slur,38486,4,,,,,,,,,0
deepseek-v4-flash_modu_no_slur,38926,0,0.0,0.0,0.0,2.0,0.0,0.0,0.0,2.0,0
deepseek-v4-flash_modu_no_slur,7473,3,2.0,0.0,0.0,2.0,0.0,0.0,0.0,2.0,0
deepseek-v4-flash_modu_no_slur,25763,1,1.0,0.0,0.0,2.0,0.0,0.0,0.0,1.0,0
deepseek-v4-flash_modu_no_slur,40133,4,4.0,4.0,4.0,4.0,1.0,0.0,0.0,4.0,2
deepseek-v4-flash_modu_no_slur,17461,4,4.0,4.0,4.0,4.0,0.0,4.0,0.0,4.0,2
deepseek-v4-flash_modu_no_slur,20571,4,4.0,4.0,4.0,4.0,1.0,0.0,0.0,4.0,2
deepseek-v4-flash_modu_no_slur,45219,4,4.0,3.0,3.0,3.0,0.0,1.0,0.0,4.0,0
deepseek-v4-flash_modu_no_slur,31146,4,0.0,0.0,0.0,2.0,0.0,0.0,0.0,0.0,0
deepseek-v4-flash_modu_no_slur,6842,4,4.0,4.0,4.0,4.0,4.0,0.0,0.0,4.0,0
deepseek-v4-flash_modu_no_slur,20274,3,3.0,4.0,4.0,3.0,0.0,0.0,0.0,3.0,0
deepseek-v4-flash_modu_no_slur,14389,0,0.0,0.0,0.0,2.0,0.0,0.0,0.0,0.0,0
deepseek-v4-flash_modu_no_slur,9213,4,4.0,4.0,4.0,4.0,4.0,0.0,0.0,4.0,2
deepseek-v4-flash_modu_no_slur,44044,4,4.0,4.0,4.0,3.0,0.0,0.0,0.0,4.0,2
deepseek-v4-flash_modu_no_slur,2371,2,4.0,4.0,4.0,2.0,3.0,0.0,0.0,4.0,1
deepseek-v4-flash_modu_no_slur,6454,3,4.0,3.0,4.0,3.0,1.0,0.0,0.0,3.0,2
deepseek-v4-flash_modu_no_slur,47554,4,4.0,4.0,4.0,3.0,1.0,0.0,0.0,4.0,2
deepseek-v4-flash_modu_no_slur,11911,4,4.0,4.0,4.0,4.0,4.0,3.0,0.0,4.0,2
deepseek-v4-flash_modu_no_slur,21073,1,0.0,0.0,0.0,2.0,0.0,0.0,0.0,2.0,0
deepseek-v4-flash_modu_no_slur,13743,4,4.0,4.0,4.0,4.0,2.0,0.0,0.0,4.0,2
deepseek-v4-flash_modu_no_slur,7237,1,3.0,4.0,3.0,3.0,0.0,0.0,0.0,3.0,0
deepseek-v4-flash_modu_no_slur,38390,4,2.0,0.0,0.0,2.0,0.0,0.0,0.0,2.0,0
deepseek-v4-flash_modu_no_slur,9427,2,2.0,0.0,0.0,2.0,0.0,0.0,0.0,2.0,0
deepseek-v4-flash_modu_no_slur,25391,4,4.0,4.0,4.0,4.0,4.0,4.0,0.0,4.0,2
deepseek-v4-flash_modu_no_slur,1630,4,4.0,4.0,4.0,4.0,4.0,3.0,0.0,4.0,2
deepseek-v4-flash_modu_no_slur,31050,4,4.0,4.0,4.0,4.0,4.0,0.0,0.0,4.0,2
deepseek-v4-flash_modu_no_slur,34242,3,3.0,0.0,0.0,1.0,0.0,0.0,0.0,2.0,0
deepseek-v4-flash_modu_no_slur,31475,0,0.0,0.0,0.0,2.0,0.0,0.0,0.0,2.0,0
deepseek-v4-flash_modu_no_slur,995,4,,,,,,,,,0
deepseek-v4-flash_modu_no_slur,31443,4,4.0,4.0,4.0,4.0,0.0,0.0,0.0,4.0,0
deepseek-v4-flash_modu_no_slur,10943,2,3.0,0.0,0.0,2.0,0.0,0.0,0.0,2.0,0
deepseek-v4-flash_modu_no_slur,9911,4,4.0,4.0,4.0,4.0,0.0,0.0,0.0,4.0,2
deepseek-v4-flash_modu_no_slur,20138,1,,,,,,,,,0
deepseek-v4-flash_modu_no_slur,4562,4,4.0,4.0,4.0,4.0,1.0,0.0,0.0,4.0,2
deepseek-v4-flash_modu_no_slur,10279,3,2.0,3.0,0.0,2.0,0.0,0.0,0.0,2.0,0
deepseek-v4-flash_modu_no_slur,25785,4,4.0,4.0,4.0,4.0,4.0,0.0,0.0,4.0,2
deepseek-v4-flash_modu_no_slur,46366,4,0.0,0.0,0.0,2.0,0.0,0.0,0.0,1.0,0
deepseek-v4-flash_modu_no_slur,16086,3,3.0,3.0,3.0,2.0,0.0,0.0,0.0,3.0,0
deepseek-v4-flash_modu_no_slur,2692,4,4.0,4.0,4.0,4.0,4.0,0.0,0.0,4.0,2
deepseek-v4-flash_modu_no_slur,34973,4,4.0,4.0,4.0,4.0,4.0,1.0,0.0,4.0,2
deepseek-v4-flash_modu_no_slur,28865,1,0.0,0.0,0.0,0.0,0.0,0.0,0.0,1.0,0
deepseek-v4-flash_modu_no_slur,40941,4,4.0,4.0,4.0,4.0,0.0,0.0,0.0,4.0,2
deepseek-v4-flash_modu_no_slur,664,1,2.0,0.0,0.0,2.0,0.0,0.0,0.0,2.0,0
deepseek-v4-flash_modu_no_slur,38512,4,,,,,,,,,0
deepseek-v4-flash_modu_no_slur,25922,4,,,,,,,,,0
deepseek-v4-flash_modu_no_slur,9122,4,4.0,4.0,4.0,3.0,0.0,0.0,0.0,2.0,0
deepseek-v4-flash_modu_no_slur,41636,4,4.0,4.0,4.0,4.0,4.0,0.0,0.0,4.0,2
deepseek-v4-flash_modu_no_slur,39086,4,3.0,3.0,1.0,1.0,0.0,0.0,0.0,3.0,0
deepseek-v4-flash_modu_no_slur,29244,0,0.0,0.0,0.0,2.0,0.0,0.0,0.0,0.0,0
deepseek-v4-flash_modu_no_slur,22705,3,4.0,3.0,1.0,2.0,0.0,0.0,0.0,3.0,0
deepseek-v4-flash_modu_no_slur,10256,4,4.0,4.0,4.0,3.0,0.0,0.0,0.0,4.0,0
deepseek-v4-flash_modu_no_slur,44997,4,4.0,4.0,4.0,4.0,0.0,1.0,0.0,4.0,2
deepseek-v4-flash_modu_no_slur,39035,4,4.0,4.0,4.0,3.0,1.0,0.0,0.0,4.0,2
deepseek-v4-flash_modu_no_slur,39668,4,0.0,0.0,0.0,2.0,0.0,0.0,0.0,0.0,0
deepseek-v4-flash_modu_no_slur,23303,0,0.0,0.0,0.0,2.0,0.0,0.0,0.0,1.0,0
deepseek-v4-flash_modu_no_slur,10093,4,4.0,4.0,4.0,4.0,4.0,0.0,0.0,4.0,2
deepseek-v4-flash_modu_no_slur,31961,4,4.0,4.0,4.0,4.0,4.0,4.0,4.0,4.0,2
deepseek-v4-flash_modu_no_slur,34628,1,0.0,0.0,0.0,2.0,0.0,0.0,0.0,1.0,0
deepseek-v4-flash_modu_no_slur,10100,4,4.0,4.0,4.0,4.0,0.0,0.0,0.0,4.0,2
deepseek-v4-flash_modu_no_slur,43595,4,4.0,4.0,4.0,2.0,0.0,0.0,0.0,1.0,0
deepseek-v4-flash_modu_no_slur,37823,4,1.0,0.0,0.0,2.0,0.0,0.0,0.0,0.0,0
deepseek-v4-flash_modu_no_slur,45502,4,0.0,0.0,0.0,2.0,0.0,0.0,0.0,0.0,0
deepseek-v4-flash_modu_no_slur,423,4,4.0,4.0,4.0,4.0,1.0,1.0,0.0,4.0,2
deepseek-v4-flash_modu_no_slur,46044,3,0.0,0.0,0.0,2.0,0.0,0.0,0.0,0.0,0
deepseek-v4-flash_modu_no_slur,29732,4,4.0,4.0,4.0,4.0,2.0,4.0,0.0,4.0,2
deepseek-v4-flash_modu_no_slur,48719,4,4.0,4.0,4.0,4.0,3.0,0.0,0.0,4.0,2
deepseek-v4-flash_modu_no_slur,22043,4,4.0,4.0,4.0,4.0,4.0,4.0,1.0,4.0,2
deepseek-v4-flash_modu_no_slur,545,4,4.0,4.0,4.0,4.0,1.0,4.0,4.0,4.0,2
deepseek-v4-flash_modu_no_slur,30337,4,4.0,2.0,4.0,2.0,0.0,0.0,0.0,4.0,0
deepseek-v4-flash_modu_no_slur,28256,1,1.0,0.0,0.0,2.0,0.0,0.0,0.0,1.0,0
deepseek-v4-flash_modu_no_slur,49482,4,4.0,4.0,4.0,3.0,0.0,0.0,0.0,4.0,2
deepseek-v4-flash_modu_no_slur,3428,4,3.0,3.0,2.0,1.0,0.0,0.0,0.0,4.0,0
deepseek-v4-flash_modu_no_slur,7000,4,4.0,4.0,4.0,4.0,4.0,0.0,0.0,4.0,2
deepseek-v4-flash_modu_no_slur,46047,4,4.0,4.0,4.0,4.0,4.0,0.0,0.0,4.0,2
deepseek-v4-flash_modu_no_slur,29144,3,4.0,4.0,4.0,3.0,0.0,0.0,0.0,4.0,0
deepseek-v4-flash_modu_no_slur,26417,4,4.0,4.0,4.0,4.0,4.0,0.0,0.0,4.0,2
deepseek-v4-flash_modu_no_slur,33697,4,4.0,4.0,4.0,4.0,4.0,3.0,0.0,4.0,2
deepseek-v4-flash_modu_no_slur,23985,4,0.0,0.0,0.0,2.0,0.0,0.0,0.0,1.0,0
deepseek-v4-flash_modu_no_slur,11495,4,4.0,4.0,4.0,4.0,4.0,4.0,0.0,4.0,2
deepseek-v4-flash_modu_no_slur,8783,4,4.0,4.0,4.0,4.0,4.0,0.0,0.0,4.0,1
deepseek-v4-flash_modu_no_slur,25361,0,0.0,0.0,0.0,2.0,0.0,0.0,0.0,0.0,0
deepseek-v4-flash_modu_no_slur,15535,4,4.0,4.0,4.0,4.0,0.0,0.0,0.0,4.0,2
deepseek-v4-flash_modu_no_slur,17766,3,4.0,4.0,4.0,4.0,4.0,0.0,0.0,4.0,2
deepseek-v4-flash_modu_no_slur,41122,2,2.0,0.0,0.0,2.0,0.0,0.0,0.0,2.0,0
deepseek-v4-flash_modu_no_slur,7894,4,4.0,4.0,4.0,4.0,1.0,0.0,0.0,4.0,2
deepseek-v4-flash_modu_no_slur,1054,3,,,,,,,,,0
deepseek-v4-flash_modu_no_slur,26998,3,4.0,4.0,4.0,4.0,2.0,0.0,0.0,4.0,0
deepseek-v4-flash_modu_no_slur,41686,3,1.0,1.0,0.0,2.0,0.0,0.0,0.0,1.0,0
deepseek-v4-flash_modu_no_slur,17158,4,4.0,4.0,4.0,4.0,0.0,0.0,0.0,4.0,2
deepseek-v4-flash_modu_no_slur,24488,4,4.0,4.0,4.0,4.0,4.0,4.0,4.0,4.0,2
deepseek-v4-flash_modu_no_slur,30967,4,4.0,4.0,4.0,4.0,1.0,0.0,0.0,4.0,2
deepseek-v4-flash_modu_no_slur,39321,4,0.0,4.0,2.0,4.0,0.0,0.0,0.0,1.0,0
deepseek-v4-flash_modu_no_slur,4811,4,4.0,4.0,4.0,3.0,3.0,4.0,2.0,4.0,2
deepseek-v4-flash_modu_no_slur,25872,4,4.0,4.0,4.0,4.0,1.0,1.0,0.0,4.0,2
deepseek-v4-flash_modu_no_slur,49844,4,4.0,4.0,4.0,4.0,1.0,0.0,0.0,4.0,2
deepseek-v4-flash_modu_no_slur,11055,4,4.0,4.0,4.0,3.0,0.0,3.0,0.0,4.0,0
deepseek-v4-flash_modu_no_slur,28790,3,3.0,4.0,3.0,2.0,0.0,0.0,0.0,3.0,0
deepseek-v4-flash_modu_no_slur,12264,2,2.0,0.0,0.0,2.0,0.0,0.0,0.0,2.0,0
deepseek-v4-flash_modu_no_slur,9433,4,4.0,4.0,4.0,4.0,1.0,0.0,0.0,4.0,2
deepseek-v4-flash_modu_no_slur,30979,1,3.0,0.0,0.0,2.0,0.0,0.0,0.0,2.0,0
deepseek-v4-flash_modu_no_slur,38219,3,3.0,0.0,0.0,2.0,0.0,0.0,0.0,2.0,0
deepseek-v4-flash_modu_no_slur,40296,4,4.0,4.0,4.0,4.0,4.0,1.0,0.0,4.0,2
deepseek-v4-flash_modu_no_slur,31609,2,2.0,0.0,0.0,2.0,0.0,0.0,0.0,2.0,0
deepseek-v4-flash_modu_no_slur,42679,4,4.0,4.0,4.0,4.0,4.0,0.0,0.0,4.0,2
deepseek-v4-flash_modu_no_slur,7601,4,4.0,4.0,4.0,4.0,4.0,1.0,0.0,4.0,2
deepseek-v4-flash_modu_no_slur,4013,0,0.0,0.0,0.0,2.0,0.0,0.0,0.0,2.0,0
deepseek-v4-flash_modu_no_slur,49416,4,4.0,4.0,4.0,4.0,1.0,0.0,0.0,4.0,0
deepseek-v4-flash_modu_no_slur,17219,1,0.0,0.0,0.0,2.0,0.0,0.0,0.0,2.0,0
deepseek-v4-flash_modu_no_slur,38265,4,,,,,,,,,0
deepseek-v4-flash_modu_no_slur,32278,3,1.0,0.0,0.0,2.0,0.0,0.0,0.0,2.0,0
deepseek-v4-flash_modu_no_slur,6610,3,4.0,4.0,1.0,3.0,1.0,0.0,0.0,1.0,0
deepseek-v4-flash_modu_no_slur,17349,2,2.0,1.0,2.0,2.0,0.0,0.0,0.0,1.0,0
deepseek-v4-flash_modu_no_slur,43493,4,4.0,4.0,4.0,4.0,4.0,1.0,0.0,4.0,2
deepseek-v4-flash_modu_no_slur,10882,0,0.0,0.0,0.0,2.0,0.0,0.0,0.0,0.0,0
deepseek-v4-flash_modu_no_slur,18601,1,3.0,0.0,0.0,2.0,0.0,0.0,0.0,2.0,0
deepseek-v4-flash_modu_no_slur,24837,4,4.0,4.0,4.0,4.0,4.0,2.0,0.0,4.0,2
deepseek-v4-flash_modu_no_slur,36080,0,0.0,0.0,0.0,2.0,0.0,0.0,0.0,0.0,0
deepseek-v4-flash_modu_no_slur,15023,4,4.0,4.0,4.0,3.0,4.0,4.0,0.0,4.0,0
deepseek-v4-flash_modu_no_slur,35708,3,2.0,0.0,0.0,2.0,0.0,0.0,0.0,1.0,0
deepseek-v4-flash_modu_no_slur,23275,1,2.0,0.0,0.0,2.0,0.0,0.0,0.0,2.0,0
deepseek-v4-flash_modu_no_slur,8565,4,4.0,4.0,4.0,4.0,4.0,0.0,0.0,4.0,1
deepseek-v4-flash_modu_no_slur,3723,0,0.0,0.0,0.0,2.0,0.0,0.0,0.0,0.0,0
deepseek-v4-flash_modu_no_slur,15755,4,4.0,4.0,4.0,4.0,4.0,4.0,0.0,4.0,2
deepseek-v4-flash_modu_no_slur,11497,3,4.0,3.0,1.0,2.0,0.0,0.0,0.0,1.0,0
deepseek-v4-flash_modu_no_slur,2606,1,4.0,4.0,4.0,4.0,4.0,0.0,0.0,4.0,2
deepseek-v4-flash_modu_no_slur,39620,1,2.0,0.0,0.0,2.0,0.0,0.0,0.0,2.0,0
deepseek-v4-flash_modu_no_slur,18981,4,4.0,4.0,4.0,4.0,4.0,0.0,0.0,4.0,2
deepseek-v4-flash_modu_no_slur,48918,4,4.0,4.0,4.0,4.0,0.0,0.0,0.0,4.0,2
deepseek-v4-flash_modu_no_slur,28441,3,1.0,0.0,0.0,2.0,0.0,0.0,0.0,2.0,0
deepseek-v4-flash_modu_no_slur,17827,3,4.0,4.0,3.0,3.0,1.0,0.0,0.0,4.0,0
deepseek-v4-flash_modu_no_slur,14685,0,0.0,0.0,0.0,2.0,0.0,0.0,0.0,0.0,0
deepseek-v4-flash_modu_no_slur,15663,3,4.0,4.0,3.0,3.0,0.0,0.0,0.0,3.0,0
deepseek-v4-flash_modu_no_slur,29587,4,4.0,4.0,4.0,4.0,0.0,0.0,0.0,4.0,2
deepseek-v4-flash_modu_no_slur,17550,0,4.0,4.0,4.0,2.0,0.0,0.0,0.0,3.0,0
deepseek-v4-flash_modu_no_slur,401,4,,,,,,,,,0
deepseek-v4-flash_modu_no_slur,5542,4,4.0,4.0,2.0,3.0,0.0,0.0,0.0,4.0,0
deepseek-v4-flash_modu_no_slur,15603,0,0.0,0.0,0.0,2.0,0.0,0.0,0.0,0.0,0
deepseek-v4-flash_modu_no_slur,7304,4,4.0,4.0,4.0,4.0,2.0,0.0,0.0,4.0,2
deepseek-v4-flash_modu_no_slur,33377,4,4.0,4.0,4.0,4.0,1.0,0.0,0.0,4.0,2
deepseek-v4-flash_modu_no_slur,23414,4,4.0,1.0,0.0,3.0,0.0,0.0,0.0,3.0,0
deepseek-v4-flash_modu_no_slur,35744,4,,,,,,,,,0
deepseek-v4-flash_modu_no_slur,47262,4,4.0,4.0,3.0,2.0,0.0,0.0,0.0,3.0,0
deepseek-v4-flash_modu_no_slur,47522,4,4.0,4.0,4.0,2.0,1.0,3.0,0.0,4.0,2
deepseek-v4-flash_modu_no_slur,37285,0,0.0,0.0,0.0,2.0,0.0,0.0,0.0,2.0,0
deepseek-v4-flash_modu_no_slur,7391,4,2.0,0.0,0.0,2.0,0.0,0.0,0.0,2.0,0
deepseek-v4-flash_modu_no_slur,20627,4,3.0,3.0,1.0,2.0,0.0,0.0,0.0,3.0,0
deepseek-v4-flash_modu_no_slur,22997,0,0.0,0.0,0.0,2.0,0.0,0.0,0.0,0.0,0
deepseek-v4-flash_modu_no_slur,32721,0,0.0,0.0,0.0,0.0,0.0,0.0,0.0,0.0,0
deepseek-v4-flash_modu_no_slur,8323,4,4.0,4.0,4.0,4.0,4.0,4.0,0.0,4.0,2
deepseek-v4-flash_modu_no_slur,20217,3,2.0,4.0,4.0,3.0,0.0,0.0,0.0,2.0,0
deepseek-v4-flash_modu_no_slur,23364,3,4.0,4.0,4.0,4.0,0.0,0.0,0.0,4.0,0
deepseek-v4-flash_modu_no_slur,2221,4,,,,,,,,,2
deepseek-v4-flash_modu_no_slur,4944,1,4.0,4.0,4.0,2.0,0.0,0.0,0.0,4.0,0
deepseek-v4-flash_modu_no_slur,1482,4,4.0,4.0,4.0,4.0,3.0,4.0,0.0,4.0,1
deepseek-v4-flash_modu_no_slur,8199,3,4.0,4.0,3.0,4.0,4.0,0.0,0.0,4.0,0
deepseek-v4-flash_modu_no_slur,43956,4,4.0,4.0,4.0,4.0,1.0,0.0,0.0,4.0,2
deepseek-v4-flash_modu_no_slur,24451,4,4.0,3.0,4.0,3.0,0.0,0.0,0.0,3.0,0
deepseek-v4-flash_modu_no_slur,34378,4,4.0,4.0,4.0,4.0,4.0,1.0,0.0,4.0,2
deepseek-v4-flash_modu_no_slur,29194,4,4.0,4.0,4.0,4.0,1.0,0.0,0.0,4.0,2
deepseek-v4-flash_modu_no_slur,34032,4,4.0,4.0,4.0,4.0,4.0,0.0,0.0,4.0,2
deepseek-v4-flash_modu_no_slur,27825,4,4.0,4.0,4.0,4.0,4.0,0.0,0.0,4.0,2
deepseek-v4-flash_modu_no_slur,48880,3,,,,,,,,,1
deepseek-v4-flash_modu_no_slur,20349,3,4.0,4.0,4.0,2.0,1.0,0.0,0.0,4.0,2
deepseek-v4-flash_modu_no_slur,47161,3,3.0,1.0,1.0,3.0,0.0,0.0,0.0,3.0,0
deepseek-v4-flash_modu_no_slur,9399,4,4.0,4.0,4.0,4.0,4.0,4.0,0.0,4.0,1
deepseek-v4-flash_modu_no_slur,16699,4,4.0,4.0,4.0,4.0,3.0,1.0,0.0,4.0,2
deepseek-v4-flash_modu_no_slur,34950,3,2.0,3.0,2.0,2.0,0.0,0.0,0.0,2.0,0
deepseek-v4-flash_modu_no_slur,47767,3,4.0,4.0,4.0,3.0,1.0,0.0,0.0,4.0,2
deepseek-v4-flash_modu_no_slur,20791,1,3.0,1.0,1.0,2.0,0.0,0.0,0.0,2.0,0
deepseek-v4-flash_modu_no_slur,42575,4,4.0,2.0,0.0,2.0,0.0,0.0,0.0,2.0,0
deepseek-v4-flash_modu_no_slur,33502,4,4.0,4.0,4.0,4.0,1.0,0.0,0.0,4.0,2
deepseek-v4-flash_modu_no_slur,35633,4,4.0,4.0,4.0,3.0,1.0,0.0,0.0,4.0,2
deepseek-v4-flash_modu_no_slur,8278,3,4.0,4.0,4.0,3.0,1.0,0.0,0.0,4.0,2
deepseek-v4-flash_modu_no_slur,35131,4,,,,,,,,,0
deepseek-v4-flash_modu_no_slur,26971,3,1.0,0.0,0.0,3.0,0.0,0.0,0.0,1.0,0
deepseek-v4-flash_modu_no_slur,19155,4,4.0,4.0,4.0,4.0,4.0,2.0,0.0,4.0,2
deepseek-v4-flash_modu_no_slur,34068,3,3.0,3.0,3.0,3.0,0.0,0.0,0.0,3.0,0
deepseek-v4-flash_modu_no_slur,21822,4,3.0,0.0,2.0,4.0,1.0,0.0,0.0,4.0,2
deepseek-v4-flash_modu_no_slur,28595,4,4.0,4.0,4.0,4.0,1.0,4.0,0.0,4.0,2
deepseek-v4-flash_modu_no_slur,8261,1,0.0,0.0,0.0,2.0,0.0,0.0,0.0,1.0,0
deepseek-v4-flash_modu_no_slur,21404,2,2.0,0.0,0.0,2.0,0.0,0.0,0.0,2.0,0
deepseek-v4-flash_modu_no_slur,9700,4,,,,,,,,,0
deepseek-v4-flash_modu_no_slur,44367,3,2.0,0.0,0.0,2.0,0.0,0.0,0.0,2.0,0
deepseek-v4-flash_modu_no_slur,19942,4,4.0,4.0,3.0,3.0,0.0,0.0,0.0,4.0,1
deepseek-v4-flash_modu_no_slur,13740,1,0.0,0.0,0.0,2.0,0.0,0.0,0.0,1.0,0
deepseek-v4-flash_modu_no_slur,34917,4,0.0,0.0,0.0,2.0,0.0,0.0,0.0,1.0,0
deepseek-v4-flash_modu_no_slur,29334,3,,,,,,,,,0
deepseek-v4-flash_modu_no_slur,11451,4,4.0,4.0,4.0,4.0,1.0,0.0,0.0,4.0,0
deepseek-v4-flash_modu_no_slur,801,4,4.0,4.0,4.0,4.0,0.0,4.0,4.0,4.0,0
deepseek-v4-flash_modu_no_slur,4470,1,2.0,0.0,0.0,2.0,0.0,0.0,0.0,2.0,0
deepseek-v4-flash_modu_no_slur,170,4,4.0,4.0,4.0,4.0,3.0,3.0,0.0,4.0,2
deepseek-v4-flash_modu_no_slur,17743,2,2.0,0.0,0.0,2.0,0.0,0.0,0.0,2.0,0
deepseek-v4-flash_modu_no_slur,20179,3,,,,,,,,,0
deepseek-v4-flash_modu_no_slur,17772,4,1.0,4.0,0.0,2.0,0.0,0.0,0.0,0.0,0
deepseek-v4-flash_modu_no_slur,41879,3,4.0,3.0,3.0,2.0,0.0,0.0,0.0,3.0,0
deepseek-v4-flash_modu_no_slur,8871,3,3.0,0.0,1.0,3.0,0.0,0.0,0.0,1.0,0
deepseek-v4-flash_modu_no_slur,38134,1,3.0,0.0,0.0,2.0,0.0,0.0,0.0,2.0,1
deepseek-v4-flash_modu_no_slur,17209,4,4.0,4.0,3.0,2.0,1.0,0.0,0.0,0.0,0
deepseek-v4-flash_modu_no_slur,26216,4,,,,,,,,,0
deepseek-v4-flash_modu_no_slur,8702,4,4.0,4.0,4.0,4.0,4.0,0.0,0.0,4.0,2
deepseek-v4-flash_modu_no_slur,9625,1,2.0,0.0,0.0,2.0,0.0,0.0,0.0,2.0,0
deepseek-v4-flash_modu_no_slur,19340,4,4.0,4.0,4.0,4.0,2.0,0.0,0.0,4.0,2
deepseek-v4-flash_modu_no_slur,4287,3,,,,,,,,,0
deepseek-v4-flash_modu_no_slur,17442,4,4.0,4.0,4.0,3.0,1.0,0.0,0.0,4.0,0
deepseek-v4-flash_modu_no_slur,22235,0,0.0,0.0,0.0,2.0,0.0,0.0,0.0,2.0,0
deepseek-v4-flash_modu_no_slur,3534,4,4.0,4.0,4.0,2.0,0.0,0.0,0.0,1.0,0
deepseek-v4-flash_modu_no_slur,41251,4,,,,,,,,,0
deepseek-v4-flash_modu_no_slur,49563,0,,,,,,,,,0
deepseek-v4-flash_modu_no_slur,32646,4,4.0,4.0,4.0,4.0,4.0,0.0,0.0,4.0,2
deepseek-v4-flash_modu_no_slur,38712,4,4.0,4.0,4.0,4.0,1.0,0.0,0.0,4.0,0
deepseek-v4-flash_modu_no_slur,31852,4,,,,,,,,,0
deepseek-v4-flash_modu_no_slur,33332,3,2.0,0.0,0.0,2.0,0.0,0.0,0.0,3.0,0
deepseek-v4-flash_modu_no_slur,12141,3,4.0,3.0,0.0,1.0,0.0,0.0,0.0,1.0,0
